category,accuracy
scrambledpix,0.9814814814814815
house,0.9722222222222222
face,0.9259259259259259
cat,0.9166666666666666
chair,0.8611111111111112
bottle,0.8425925925925926
shoe,0.8425925925925926
scissors,0.8055555555555556
