fold,accuracy
1,0.930635838150289
2,0.884393063583815
3,0.8901734104046243
4,0.8323699421965318
5,0.9302325581395349
