statistic,p_value
0.45393123680029185,0.6508820148894507
